#fact,70879
#rememberwhen,58126
#shoutout,43407
#Haiti,37548
#red,31212
#IranElection,29319
#moonfruit,29239
#lolquiz,28257
#JonasOnUstream,26832
#gr88,24746
#bestsex,24398
#whateverhappenedto,24164
#iwish,23757
#iloveitwhen,21778
#googlewave,21642
#Iranelection,19225
#haveuever,18514
#why,18137
#dontyouhate,17758
#jtv,15067
#forasarney,13865
#davidarchuleta,13736
#iadmit,13345
#wave,13196
#GiladShalit,12972
#youtubefail,12879
#iremember,12657
#DMV,11806
#bb11,11687
#thoughtsduringsex,11658
#petpeeve,11637
#ihatewhen,10932
#bbcqt,10864
#90s,10725
#squarespace,10566
#goodtimes,10564
#turnon,9932
#neda,9927
#imtiredof,9749
#2010,9653
#backintheday,9394
#Pakistan,8447
#DavidArchuleta,8358
#Neda,8203
#thingsilove,8098
#tehran,7847
#michaeljackson,7768
#sdcc,7643
#redsox,7504
#helpiranelection,7337
#paramore,7303
#lies,7167
#whatif,7152
#Tehran,7067
#btw09,7037
#bestadvice,6874
#ashes,6804
#apple,6211
#LIVESTRONG,6069
#marsiscoming,6015
#olympics,6004
#uksnow,5858
#nothingpersonal,5739
#NOH8,5662
#turnoff,5621
#Bones,5587
#mileycyrus,5560
#Supernatural,5517
#truth,5471
#craigferguson,5293
#pawpawty,5261
#Fact,5217
#911,5097
#watch,4958
#duringsex,4878
#imsinglebecause,4819
#india,4776
#Honduras,4711
#haveyouever,4664
#Venezuela,4505
#Gaza,4472
#newmoon,4438
#140tc,4372
#translation,4356
#nn09,4265
#warriors,4172
#supernatural,4091
#niley,3959
#Apple,3936
#Amazon,3875
#inaperfectworld,3822
#Olympics,3625
#912,3612
#nocleanfeed,3570
#cop15,3568
#cool,3537
#zensursula,3508
#GoogleWave,3424
#moo,3350
#defcon,3334
#NT,3289
#theoffice,3258
#TrueBlood,3235
#honduras,3220
#MichaelJackson,3214
#G20,3198
#India,3183
#etaNO,3157
#chupa,3156
#atheist,3143
#chile,2988
#NIN,2969
#LOST,2945
#TED,2931
#sytycd,2926
#slaughterhouse,2920
#iran9,2919
#GR88,2916
#publicoption,2909
#VampireBite,2884
#3wordsaftersex,2822
#theused,2810
#GFW,2801
#mishasminions,2767
#MJ,2757
#nin,2749
#Shoutout,2746
#deviantART,2744
#confession,2717
#140conf,2713
#jessicaleccia,2711
#peterfacinelli,2684
#antiniley,2670
#FACT,2669
#tdf,2654
#trueblood,2649
#crystalchappell,2649
#blogher09,2621
#unfollowperez,2559
#11thcommandment,2495
#Brasil,2478
#liesboystell,2445
#cnnfail,2412
#ACORN,2404
#24,2339
#Lost,2339
#glee,2339
#snowleopard,2266
#dontjudgeme,2255
#pdf09,2231
#liltwisttv,2225
#BB11,2172
#truestory,2168
#SYTYCD,2149
#crisishn,2129
#COP15,2121
#blizzcon,2115
#NewMoon,2076
#herewegoagain,2066
#.,2056
#lost,2049
#nicerfilmtitles,2033
#europewantsmcfly,2025
#SDCC,2017
#tweetcongress,2002
#venezuela,1998
#Iran9,1989
#graffiti,1978
#arealnigga,1970
#WeirdAl,1970
#Angels,1956
#FORASARNEY,1953
#350ppm,1938
#unfollowperezhilton,1917
#fx35,1916
#iranelections,1898
#iranElection,1886
#icantlivewithout,1881
#twins,1874
#greatsex,1867
#goodpussy,1859
#izeafest,1857
#spill,1851
#charitytuesday,1844
#Gilad,1843
#LOFNOTC,1816
#dontuhate,1801
#phillies,1792
#rofl,1792
#UN,1772
#Philippines,1740
#Mousavi,1731
#Kanye,1717
#Smallville,1716
#trackle,1716
#Phillies,1710
#aolradiorequest,1707
#angels,1700
#QuotesLOL:,1694
#Why,1679
#pizzahut,1660
#CNNfail,1632
#CHUPA,1631
#WEF,1608
#Iranians,1606
#psych,1590
#USMNT,1584
#2Pac,1578
#acorn,1557
#gmail,1544
#Red,1539
#RedSox,1528
#Twins,1522
#giveaways,1518
#handbags,1504
#HereWeGoAgain,1486
#Graffiti,1475
#-btw09,1462
#prop8,1461
#obsessed,1457
#twitterrules,1452
#thankful,1446
#gravsum,1438
#WHY,1419
#Sotomayor,1415
#CNNFail,1399
#cparty,1397
#capandtrade,1394
#MP2,1394
#mashchat,1390
#bing,1367
#ForaSarney,1366
#masterchef,1365
#MrTweet,1364
#hhl09,1353
#Montazeri,1346
#stlcards,1331
#9/11,1329
#waterloo,1322
#followadd,1310
#ase09,1294
#computer,1293
#windows7,1277
#PakCricket,1258
#pakistan,1242
#madmen,1236
#comiccon,1236
#smile,1232
#buzz,1228
#w2e,1215
#sessj,1215
#Chuck,1213
#Heroes,1202
#wherearetheynow,1196
#CA,1194
#MMOT,1194
#Vikings,1191
#nomaintenance,1190
#Iremember,1184
#Cubs,1182
#USA,1177
#threadless,1175
#dollhouse,1166
#Tehran,1164
#mousavi,1161
#JessicaLeccia,1158
#Spread,1147
#australiawantsjonas,1147
#journchat,1146
#liesgirlstell,1135
#Windows7,1130
#media140,1130
#votomx,1130
#AMA,1120
#Gandhi,1120
#Madonna,1120
#2009,1110
#Wave,1097
#Dodgers,1092
#you,1089
#usopen,1086
#90,1070
#Jets,1070
#cubs,1063
#sfgiants,1062
#blogher,1061
#BTS,1043
#iRemember,1042
#Favre,1034
#Dollhouse,1034
#Piraten,1033
#ACES,1025
#necc09,1020
#Michael,1009
#Cowboys,996
#TechCrunch,994
#heroes,981
#Zensursula,980
#iran09,974
#firefox,963
#OFA,962
#topchef,961
#MUSIC,960
#americanidol,959
#robertpattinson,959
#gokeyisadouche,954
#confessions,949
#motherhood,945
#GM,945
#capandtax,942
#Hawaii,942
#Dexter,942
#NHTD09,941
#guiltypleasure,941
#tigers,940
#urna2009,935
#Piratenpartei,925
#Squarespace,923
#online,918
#remember,916
#hottest100,906
#Rays,904
#socialgood,897
#pga,894
#Virginia,885
#copenhagen,874
#snow,874
#gaza,865
#win7,864
#mpdm,862
#Guardian,856
#Idol,845
#quake,843
#icantfront,841
#betthegame,839
#fringe,835
#NECC09,828
#iranelection.,825
#11thCommandment,825
#twtrcon,810
#tmobile,809
#HK,808
#House,806
#CrisisHN,804
#fuckyou,803
#U2,800
#irememberwhen,796
#IRANELECTION,795
#spread,790
#V,789
#jets,789
#VaiCorinthians,789
#noh8,781
#tigerwoods,780
#NEDA,778
#cowboys,777
#dwts,777
#followfriday!,776
#NHS,775
#DJ,775
#sotomayor,773
#AIDS,773
#Austin,771
#usmnt,770
#dumbledore,768
#community,765
#wcdfw09,765
#AmericanIdol,763
#Buzz,763
#btw,761
#Pittsburgh,754
#USC,754
#addicted,752
#Beatles,752
#e2conf,750
#SnowLeopard,747
#crisisHN,746
#HP,741
#netneutrality,738
#SXSW,736
#vikings,725
#whydo,724
#LCROSS,723
#blackhat,722
#sxsw,721
#loveis,717
#Disney,713
#Vancouver,710
#CDU-,709
#Dumbledore,704
#SNL,698
#philippines,694
#Conan,693
#rays,692
#avatar,692
#Tigers,690
#kanyewest,685
#2pac,677
#Rockies,674
#solo09,669
#BlogHer09,664
#rangers,657
#Win7,657
#lofnotc,657
#eastenders,656
#hawaii,655
#Gmail,641
#whitesox,640
#Earthquake,636
#WIN,636
#disney,635
#12for12k,634
#station,630
#27,630
#Ellipse,630
#greenscream,626
#rebootbritain,623
#rafsanjani,621
#dmexco,618
#spotify,617
#Santa,616
#guardian,612
#SinghBCA,612
#whathappenedto,611
#oxfordgirl,611
#twestival,611
#Mexico,610
#AFL,609
#bonnaroo,609
#conan,608
#bookieb,607
#Taiwan,604
#Yahoo,603
#PublicOption,598
#wahl,598
#350,596
#Chupa,596
#PGA,594
#blogwell,592
#DDoS,590
#TX,590
#throwback,587
#AungSanSuuKyi,581
#oscars,581
#09,575
#doctorwho,574
#blamedrewscancer,573
#FSU,572
#fire,569
#birther,566
#crushit,566
#MadMen,563
#wpc09,556
#Prop8,549
#Leverage,547
#roast,546
#Maine,539
#SPD,535
#UNFOLLOWPEREZHILTON,535
#Tiger,526
#petpeeves,522
#douchebag,521
#bpt09,518
#Help,517
#twitpocalypse,516
#oasis,516
#censorship,516
#breastcancer,516
#Redsox,514
#GNO,513
#afl,512
#mariners,512
#MSU,512
#actor,511
#beatles,508
#beatlesporn,506
#Oregon,504
#smcsyd,502
#bluejays,501
#theonlinemom,498
#makingloveis,496
#thatsafrican,490
#Bundestagswahl,490
#spd,489
#MTV,489
#Oasis,489
#sarahpalin,488
#iranelection:,486
#fdp,486
#Translation,486
#liar,481
#Eclipse,481
#favre,480
#coolbandsmadeuncool,480
#DADT,479
#gooddick,478
#musicmondays,474
#MA,474
#pens,474
#bachelorette,474
#collegefootball,473
#Ihatewhen,469
#orioles,469
#90210,469
#iranrevolution,461
#DONTYOUHATE,460
#IranElection:,458
#2PAC,458
#basij,453
#Falcons,453
#TreySongzAnticipation,453
#redwings,452
#michaelmonday,452
#blogpotomac,451
#G8,449
#ZnaLOVE,448
#terremoto,447
#ogi,446
#diploma,445
#Discovery,444
#thesmartmama,444
#publicsphere,443
#marvel,441
#bluebox,441
#FDP,438
#BeatLA,437
#pittsburgh,435
#jakarta,434
#Detroit,433
#Cardinals,432
#TYC,431
#stopahmadi,428
#gmailfail,427
#Sydney,427
#ripstackbundles,427
#congress,425
#vancouver,425
#100,425
#tomtom,424
#sydney,424
#BEATLA,424
#Jay-Z,423
#WHHCQ,422
#ama,421
#itsucks,420
#Indonesia,420
#Dontyouhate,416
#ilove,416
#iranians,413
#Spotify,413
#rockies,412
#Schumacher,412
#bigbrother,412
#veterans,410
#drwho,409
#wc09,407
#ibelieve,407
#BYU,406
#Sanford,403
#MacBook,403
#Iranelections,402
#chavez,402
#iloveyou,401
#TdF,400
#houseofgems,400
#NCIS,399
#Peace,397
#Wimbledon,397
#Burma,397
#iconic,395
#iranelection,395
#GlennBeck,394
#Comic-Con,393
#qt,393
#facts,391
#IranElection.,390
#michael,390
#Marlins,390
#wettendass,389
#leverage,386
#packers,384
#czar,383
#BlameDrewsCancer,383
#WPC09,383
#gilad,380
#Community,379
#nrl,379
#Raiders,377
#CNNfail:,376
#digitalbritain,375
#eclipse,375
#unnecessarysequels,375
#FDP-,374
#tiger,374
#Broncos,373
#hookem,373
#randomfactaboutme,372
#140Conf,371
#sanford,369
#fitfam,369
#Torchwood,366
#ComicCon,365
#Pirates,363
#TWIBET09,363
#Ashraf,363
#valentines,363
#LSU,362
#FindingTheGood,362
#hadopi,362
#newiran,356
#wimbledon,356
#47,355
#dexter,353
#Hurricane,352
#wahl09,351
#astros,351
#tornado,350
#ted,349
#wearblue4billy,349
#Twitpocalypse,348
#moonwalk,347
#Alabama,346
#Madoff,344
#womma,343
#betawards,342
#rihanna,341
#weargreen,340
#redcross,340
#protest,339
#Rihanna,337
#IranElections,334
#BlogHer,333
#obamercial,331
#Massachusetts,331
#maine,330
#nats,329
#Mariners,326
#Veterans,325
#aids,325
#BahaiRights,325
#goodsex,324
#pr20chat,324
#Toyota,323
#Basij,322
#friendfeed,322
#BET,321
#assk64.,321
#CNNFAIL,320
#tpot,318
#Oprah,314
#torchwood,314
#Katrina,313
#bundestagswahl,312
#hugs,311
#goodhead,310
#vagov,309
#Liverpool,307
#bpark,306
#noticias100,304
#chrome,304
#queens,303
#Cavs,303
#shiraz,302
#marlins,302
#Eric,301
#freespeech,300
#senate,300
#dontyouloveGOD,298
#u2,298
#shrm09,298
#mtv,297
#WhiteSox,297
#worldcup,297
#taylorswift,296
#ubertwitter,294
#manlaw,293
#Jackson,293
#CMA,293
#revolution,292
#votonulo,291
#twitspam,288
#80s,288
#imiss,288
#nhldraft,288
#FreeIran,286
#healthcare09,286
#Snow,286
#Sony,282
#SCOTUS,278
#sarney,278
#athletics,278
#38,277
#padres,277
#googlevoice,274
#itssohot,273
#oprah,273
#timexstyle,273
#Jews,272
#capntax,271
#IWISH,270
#Ahmadinejad,269
#Lions,269
#hp,269
#persiankiwi,268
#Nats,268
#GREEN,267
#Honduras:,267
#nir,267
#don,267
#njgov,267
#planecrash,267
#Apollo11,267
#ObamaCare,266
#glastonbury,266
#questiontime,264
#FriendFeed,262
#redline,261
#cwot,259
#Magic,259
#ma,258
#Brewers,258
#46,257
#ObamaFail,256
#fathersday,256
#broncos,256
#transformers,256
#sony,256
#howcome,256
#Skype,254
#DontYouHate,254
#militarymonday,253
#what,251
#51,250
#addictedto,250
#chrisbrown,249
#hashtags,248
#Indians,247
#Zelaya,246
#typeamomcon,245
#hootsuite,245
#Brown,244
#TDF,243
#titans,242
#LAKERS,242
#reinvent,242
#entourage,241
#Atheist,241
#assk64,240
#utegate,240
#Muse,240
#xing,239
#PDF09,239
#Bachelorette,239
#USOpen,238
#Chipotle,238
#Argentina,237
#dolphins,236
#Oscars,236
#55,234
#IRemember,234
#BNP,234
#Padres,233
#Taylor,232
#T-Mobile,231
#ncaa,231
#best,230
#DNN,230
#throwbackthursday,230
#Pens,229
#wholefoods,229
#60,228
#52,228
#ff:,228
#persian,228
#Pakistan,227
#BMW,224
#Bill,221
#63,220
#Iranian,220
#gm,220
#tweetie,219
#Transformers,219
#impact,218
#kidsweigh,218
#Opera,217
#pirate,214
#ETA,213
#Bills,212
#FUCK,212
#meowmonday,212
#Clinton,210
#dontyoulove,210
#indians,209
#IranElection,209
#iranelecion,208
#Knicks,207
#babealert,207
#MMS,206
#Letterman,205
#metro,204
#59,202
#stop,201
#56,200
#69,200
#MSF,200
#jackson,200
#57,198
#Oakland,198
#hurricane,198
#labor,197
#Honduras,197
#Xing,195
#ENDA,194
#EPL,194
#AFP,192
#uknowublack,190
#Wahl,189
#Netbook,189
#skype,188
#trust,188
#bildungsstreik,188
#frigidaire,188
#TomTom,188
#hrc,186
#aif09,186
#pakcricket,185
#Volt,185
#Forasarney,185
#CIA,184
#mashad,184
#vets,184
#FirstAid,183
#zdf,183
#Watchmen,183
#ilike,183
#oregon,183
#HHRS,180
#techkaraoke,180
#FollowForeverFriends,179
#billymays,178
#Minnesota,178
#Orioles,177
#53,175
#smilepidemic,174
#zelaya,173
#grÌ_ne-,173
#hunkalert,173
#aplusk,172
#54,171
#redsox.,170
#usc,170
#AGT,170
#icot,169
#IranRevolution,168
#HELP,168
#Honduras.,167
#v,167
#58,166
#YummieTummie,165
#Fort,165
#bnp,165
#FTC,165
#fcsp,165
#TEHRAN,164
#Canes,163
#70,162
#nrsc,162
#eligibility,162
#when,162
#BlueJays,162
#iphoneapps,161
#Queens,160
#3wordsduringsex,160
#takebacknj,160
#Reading,160
#donate,159
#hiv,159
#northkorea,156
#f2,155
#arte,155
#Neda,155
#amnesty,152
#failwhale,152
#diduknow,149
#Iranelection.,148
#dontuhateitwhen,148
#Pennsylvania,148
#amberalert,148
#GoodPussy,147
#election,147
#Pakistan:,147
#Amnesty,146
#realwomen,146
#IOC,146
#protests,145
#linke,145
#HUNKALERT,145
#140conf.,145
#udeadwrong,145
#Bagua,145
#IR,144
#wahlkampf,144
#speech,144
#marditochavez,143
#cavs,143
#scotus,141
#AI,140
#DDOS,139
#NorthKorea,139
#cspan,138
#gruene,138
#ddos,138
#DOMA,138
#cancerwarrior,138
#Norway,137
#HonorVets,137
#famous,135
#India.,134
#vodafone,134
#contest!,134
#UberTwitter,134
#Haveyouever,133
#IREMEMBER,133
#Saarland,133
#Orange,131
#Astros,130
#Senate,128
#Hacks,128
#SMS,128
#beforetwitter,127
#FreeFayiz,124
#Tupac,124
#linke-,124
#dcmetro,123
#readthebill,123
#Drake,122
#discovery,122
#Rafsanjani,120
#jacko,120
#Giveaway:,120
#uaintshit,119
#Khamenei,119
#Afghan,118
#iranelection?,118
#iranuprising,117
#Zensur,117
#azadi,117
#So,117
#whathappento,116
#Yemen,115
#dadt,115
#plants,115
#racist,113
#uknowughetto,112
#freakyfriday,111
#letterman,111
#Netanyahu,108
#24.,108
#Steinmeier,107
#iranelction,106
#IRanElection,106
#headphones,105
"#iranelection""",103
#Rajavi,103
#dontyouhateitwhen,102
#Iran!,100
#GOODPUSSY,99
#urajerk,99
#gr8,98
#diggmates,98
#Pelosi,97
#optout,97
#netzsperren,95
#journalists,92
#Polizei,91
#hypocrisy,89
#CSU-,89
#Hilarious,87
#usmc,84
#publicoption,84
#terrorist,83
#Azadi,82
#capntrade,81
#coup,81
#Ira,81
#iran.,80
#IRAN:,80
#MEDIA,78
#healthcare:,78
#Cubs,78
#tauss,74
#XING,72
#Chapman,66
#Crisishn,65
#mediafail,62
#iraneleciton,61
#Union,61
#whathappened,60
#Spiegel,51
#iranlection,40